name,group,cluster,kibbe_type,kitchener_essence,kitchener_primary,map_x,map_y,map_z
Adele,Western celebrities,West-leaning,Soft Dramatic,Romantic w/ multiple others,romantic,1.3832,9.2612,6.1389
Akwafina,Western celebrities,Third shape,,,,4.0651,10.8342,6.2098
Alexa Ray Joel,Western celebrities,West-leaning,Soft Natural,,,3.1466,9.7419,6.6882
Alexis Smith,Western celebrities,West-leaning,Dramatic,,,3.2784,10.2969,6.744
Ali McGraw,Western celebrities,West-leaning,Natural,,,2.1757,10.1764,7.2052
Alison Sudol,Western celebrities,Third shape,,,,5.2614,12.5624,6.8812
Ally Sheedy,Western celebrities,West-leaning,Soft Natural,,,2.4729,8.6205,5.2792
Angelina Jolie,Western celebrities,Third shape,Flamboyant Natural,70% Romantic,romantic,4.7836,11.5443,6.4775
Anita Ekberg,Western celebrities,East-leaning,Soft Dramatic,,,2.3111,7.634,7.5909
Anita Page,Western celebrities,West-leaning,Soft Classic,,,1.5931,8.0127,5.7206
Anjelica Huston,Western celebrities,West-leaning,Dramatic,Dramatic,dramatic,0.3578,9.2894,6.5991
Ann-Margret,Western celebrities,West-leaning,Theatrical Romantic,,,2.1087,10.2482,7.1395
Anne Bancroft,Western celebrities,West-leaning,Soft Dramatic,,,2.139,9.119,6.1197
Anne Hathaway,Western celebrities,West-leaning,Flamboyant Natural,"40% Classic, 30% Romantic, 20% High Spirited, 10% Dramatic",classic,2.2459,9.0825,6.1512
Anya Taylor Joy,Western celebrities,East-leaning,,,,2.6162,9.1789,7.2623
Aretha Franklin,Western celebrities,West-leaning,Soft Natural,,,0.803,7.7571,5.5225
Ariana Grande,Western celebrities,East-leaning,Theatrical Romantic,High-Spirited with Romantic,high spirited,0.5119,7.8549,7.3901
Arlene Dahl,Western celebrities,West-leaning,Romantic,,,0.6361,9.0233,6.9197
Ashley Oslen,Western celebrities,Third shape,Soft Gamine,,,4.4444,11.4243,6.2913
Audrey Hepburn,Western celebrities,West-leaning,Flamboyant Gamine,"45% High-Spirited, 35% Classic, 10% Natural, 10% Romantic",high spirited,1.7833,9.8936,7.5372
Audrey Tautou,Western celebrities,West-leaning,Soft Gamine,,,1.046,9.9135,6.4402
Ava Gardner,Western celebrities,East-leaning,Soft Dramatic,"Romantic, classic",romantic,0.8858,7.9528,7.3795
Barabara Mandrell,Western celebrities,West-leaning,Romantic,,,1.3754,8.758,7.3049
Barbara Carrera,Western celebrities,East-leaning,Soft Dramatic,,,1.9868,6.4632,8.1013
Barbara Hershey,Western celebrities,West-leaning,Soft Natural,,,2.5855,8.9802,8.0704
Barbara Walters,Western celebrities,West-leaning,Soft Classic,,,1.8241,8.8474,5.7939
Barbra Streisand,Western celebrities,West-leaning,Soft Dramatic,,,2.0762,8.1933,4.863
Bea Arthur,Western celebrities,Third shape,Flamboyant Natural,,,4.4364,11.3088,6.3023
Bernadette Peters,Western celebrities,West-leaning,Romantic,,,1.7229,7.727,5.4698
Bette Davis,Western celebrities,East-leaning,Soft Gamine,,,1.0474,7.3059,8.6532
Bette Midler,Western celebrities,Third shape,,,,5.6622,12.7374,7.0935
Betty Grable,Western celebrities,East-leaning,Soft Natural,,,1.7772,7.9677,7.7811
Betty White,Western celebrities,West-leaning,Soft Gamine,Youthful with high spirited,youthful,1.5577,8.6828,5.1327
Beyonce Knowles,Western celebrities,West-leaning,Romantic,,,2.0031,9.7878,6.4414
Blythe Danner,Western celebrities,East-leaning,Flamboyant Natural,"Angelic, romantic, youthful, natural",romantic,3.0807,9.4991,6.9571
Bonnie Aarons,Western celebrities,West-leaning,,,,1.5151,7.4317,5.3898
Bonnie Franklin,Western celebrities,West-leaning,Flamboyant Gamine,,,1.7514,7.5829,5.366
Brigitte Bardot,Western celebrities,West-leaning,Soft Gamine,,,2.6769,9.3992,5.6596
Brit Marling,Western celebrities,West-leaning,,,,2.7204,9.0359,5.3514
Bryce Dallas Howard,Western celebrities,West-leaning,,,,1.6126,7.8483,6.6778
Cameron Diaz,Western celebrities,West-leaning,Flamboyant Natural,,,1.6131,7.4503,6.587
Candace Bergen,Western celebrities,West-leaning,,,,2.2308,10.3311,6.8888
Carly Simon,Western celebrities,West-leaning,Flamboyant Natural,,,2.7716,9.5651,5.3002
Carmen Miranda,Western celebrities,Third shape,Flamboyant Gamine,,,4.4301,11.3236,6.2381
Carol Burnett,Western celebrities,West-leaning,Natural,,,1.9895,8.3228,4.9567
Carolina Herrera,Western celebrities,West-leaning,Soft Classic,,,1.6523,10.3124,5.9799
Catherine Deneuve,Western celebrities,Third shape,Soft Classic,,,4.362,11.4545,6.3007
Catherine Oxenberg,Western celebrities,Third shape,Soft Classic,,,5.4658,12.4268,6.922
Catherine Zeta-Jones,Western celebrities,West-leaning,,,,3.3951,9.8798,6.9519
"Catherine, Princess of Wales",Western celebrities,West-leaning,,,,2.6733,9.696,6.9457
Charlize Theron,Western celebrities,West-leaning,Flamboyant Natural,"Romantic, classic",romantic,2.6266,9.0153,6.9159
Cher,Western celebrities,East-leaning,,,,0.9225,7.1725,6.6498
Chita Rivera,Western celebrities,West-leaning,,,,0.9657,7.5694,5.5321
Chloe Sevigny,Western celebrities,Third shape,Soft Natural,,,5.7039,12.467,6.8593
Christie Brinkley,Western celebrities,West-leaning,Flamboyant Natural,,,1.2798,9.1001,7.0107
Christina Hendricks,Western celebrities,West-leaning,Soft Dramatic,,,1.9896,9.1462,5.9338
Christina Ricci,Western celebrities,West-leaning,Romantic,Youthful and Romantic with significant High-Spirited,youthful,2.5377,9.285,7.1293
Cindy Crawford,Western celebrities,West-leaning,Flamboyant Natural,,,3.1148,9.9166,6.2252
Claire Danes,Western celebrities,West-leaning,Dramatic,,,2.6023,8.5459,5.482
Clara Bow,Western celebrities,West-leaning,Soft Gamine,,,2.6478,9.4201,5.3609
Claudette Colbert,Western celebrities,East-leaning,Soft Gamine,,,2.0842,6.6603,7.9307
Claudia Cardinale,Western celebrities,West-leaning,Romantic,,,2.1345,10.0731,7.1357
Coco Chanel,Western celebrities,West-leaning,Flamboyant Gamine,,,2.0593,10.2564,7.0333
Colleen Dewhurst,Western celebrities,West-leaning,Flamboyant Natural,,,0.2039,8.0232,6.4176
Connie Sellecca,Western celebrities,West-leaning,Dramatic Classic,,,2.2061,7.8672,5.2171
Constance Bennett,Western celebrities,West-leaning,Soft Classic,,,2.016,9.6482,5.781
Cybil Shepherd,Western celebrities,West-leaning,Classic,,,0.5618,9.2886,7.0606
Cyndi Lauper,Western celebrities,West-leaning,Soft Gamine,,,1.2458,8.7111,6.3874
Daryl Hannah,Western celebrities,West-leaning,,,,2.3984,8.5203,5.2626
Debbie Allen,Western celebrities,West-leaning,Flamboyant Gamine,,,3.7122,10.5057,6.1656
Debbie Reynolds,Western celebrities,West-leaning,Soft Gamine,,,2.1035,8.3674,7.75
Debra Winger,Western celebrities,West-leaning,Flamboyant Gamine,,,2.0072,7.996,4.9977
Delta Burke,Western celebrities,West-leaning,Romantic,,,1.1095,9.7981,7.4052
Diahann Carroll,Western celebrities,Third shape,Dramatic,,,4.919,11.8794,6.4637
Diana Ross,Western celebrities,Third shape,Flamboyant Gamine,,,1.8532,9.8568,7.2474
"Diana, Princess of Wales",Western celebrities,West-leaning,Flamboyant Natural,,,1.9928,9.1566,5.4154
Diane Sawyer,Western celebrities,West-leaning,Classic,,,2.0124,9.0756,5.4187
Dick Van Dyke,Western celebrities,West-leaning,Flamboyant Natural,,,1.7801,8.8266,5.1279
Dinah Washington,Western celebrities,Third shape,Soft Natural,,,3.9372,10.6912,6.2616
Dionne Warwick,Western celebrities,West-leaning,Flamboyant Natural,,,2.4832,10.5158,6.7614
Dolly Parton,Western celebrities,Third shape,Romantic,,,4.9258,11.8376,6.5041
Dolores del Rio,Western celebrities,West-leaning,Theatrical Romantic,,,0.954,9.4226,6.906
Donna Mills,Western celebrities,West-leaning,Theatrical Romantic,,,3.0301,9.449,6.8686
Donna Reed,Western celebrities,West-leaning,Soft Classic,,,1.4213,8.9628,6.4438
Doris Day,Western celebrities,West-leaning,Soft Natural,,,1.4613,10.1757,5.9515
Dorothy Dandridge,Western celebrities,West-leaning,Theatrical Romantic,,,1.6678,8.8696,7.4346
Drew Barrymore,Western celebrities,East-leaning,Romantic,"35% Romantic, 25% Youthful, 20% Natural, 20% High-Spirited",romantic,2.0995,6.4908,8.1195
Eartha Kitt,Western celebrities,Third shape,Soft Gamine,High spirited,high spirited,2.3432,9.5314,7.3716
Edie Falko,Western celebrities,West-leaning,,,,2.7868,9.7844,5.5004
Edith Piaf,Western celebrities,East-leaning,Gamine,,,1.513,8.8074,7.4128
Elizabeth Taylor,Western celebrities,East-leaning,Romantic,Romantic,romantic,2.1661,7.5011,7.8516
Ellen Barkin,Western celebrities,West-leaning,Soft Natural,,,1.2736,9.2861,6.9701
Emma Samms,Western celebrities,East-leaning,Romantic,,,2.4412,8.9403,7.2835
Emma Stone,Western celebrities,Third shape,Flamboyant Natural,"35% Youthful, 25% Classic, 15% High Spirited, 15% Romantic, 10% Natural",youthful,5.514,12.7607,7.0361
Emma Thompson,Western celebrities,West-leaning,Soft Classic,,,1.0532,7.4355,5.5765
Emmy Rossum,Western celebrities,East-leaning,,,,2.7754,7.7975,6.6196
Eve Arden,Western celebrities,West-leaning,Flamboyant Natural,,,1.4485,9.1054,6.0443
Farrah Fawcett,Western celebrities,West-leaning,Flamboyant Natural,,,0.8339,7.3331,6.0848
Faye Dunaway,Western celebrities,West-leaning,Dramatic,,,0.6685,9.3716,7.1187
France Nuyen,Western celebrities,East-leaning,Dramatic,,,0.8672,7.2289,7.6955
Frida Kahlo,Western celebrities,Third shape,,,,4.6703,11.4279,6.4828
Gena Rowlands,Western celebrities,East-leaning,Dramatic Classic,,,2.2009,6.5077,8.2876
Gene Tierney,Western celebrities,Third shape,Dramatic,,,3.9331,10.8827,6.3813
Geraldine Chaplin,Western celebrities,West-leaning,Gamine,,,2.1103,10.1506,7.3294
Gina Lollobrigida,Western celebrities,West-leaning,Romantic,,,1.7308,8.3923,7.5766
Ginger Rogers,Western celebrities,West-leaning,Classic,,,2.2272,7.9836,5.7046
Giselle Bundchen,Western celebrities,West-leaning,Flamboyant Natural,,,2.5475,8.6113,7.9821
Gloria Grahame,Western celebrities,East-leaning,Soft Natural,,,1.3708,7.7633,7.748
Gloria Vanderbilt,Western celebrities,West-leaning,Flamboyant Gamine,,,1.4208,9.3198,7.2969
Goldie Hawn,Western celebrities,West-leaning,Soft Natural,,,1.6223,9.6634,5.6054
Grace Jones,Western celebrities,East-leaning,,,,2.208,8.9619,8.1326
Grace Kelly,Western celebrities,Third shape,Flamboyant Natural,,,4.4182,11.4293,6.3866
Greta Garbo,Western celebrities,East-leaning,Dramatic,"35% Classic, 25% Dramatic, 25% Romantic, 10% High-Spirited, 5% Natural",classic,1.9501,7.0211,7.7582
Gwyneth Paltrow,Western celebrities,Third shape,Flamboyant Natural,"Angelic, classic, natural, youthful",classic,4.8715,11.7105,6.4732
Halle Bailey,Western celebrities,East-leaning,,,,1.7563,9.7139,7.7279
Halle Barry,Western celebrities,East-leaning,Soft Gamine,,,2.0128,8.6684,7.9248
Heather Locklear,Western celebrities,East-leaning,Gamine,,,1.9926,7.0726,9.1873
Hedy Lamarr,Western celebrities,West-leaning,Theatrical Romantic,"70% Romantic, 15% Dramatic, 10% Natural, 5% High-Spirited",romantic,2.372,8.7675,5.7497
Heidi Klum,Western celebrities,West-leaning,Flamboyant Natural,,,2.1212,8.9103,6.0815
Helena Bonham Carter,Western celebrities,West-leaning,Romantic,Romantic with High-Spirited,romantic,1.218,9.1393,6.6479
HER (Gabi Wilson),Western celebrities,Third shape,Romantic,,,5.4037,12.8263,6.9729
Ida Lupino,Western celebrities,East-leaning,Dramatic Classic,,,2.7475,8.9221,7.2801
Idina Menzel,Western celebrities,Third shape,,,,4.5782,11.408,6.3033
Ina Garten,Western celebrities,West-leaning,,,,2.6377,9.2667,6.2011
Ingrid Bergman,Western celebrities,West-leaning,Flamboyant Natural,,,1.6837,9.2152,6.7847
Isabelle Huppert,Western celebrities,West-leaning,Classic,,,2.5414,8.8599,6.0362
Isla Fisher,Western celebrities,West-leaning,Romantic,,,2.5755,8.6836,6.2287
Jaclyn Smith,Western celebrities,West-leaning,Soft Dramatic,,,3.1155,9.7172,6.886
Jacqueline de Ribes,Western celebrities,East-leaning,Soft Dramatic,,,0.8528,8.0896,7.9126
Jacqueline Kennedy Onassis,Western celebrities,West-leaning,Dramatic Classic,"possibly Youthful, Romantic, Classic",youthful,2.6164,9.3466,7.1064
Jada Pinkett-Smith,Western celebrities,West-leaning,Theatrical Romantic,,,3.7986,10.5281,6.1128
Jamie Lee Curtis,Western celebrities,West-leaning,Dramatic,,,1.1031,10.0283,5.6698
Jane Birken,Western celebrities,West-leaning,,,,2.5916,9.9975,7.4102
Jane Fonda,Western celebrities,West-leaning,Flamboyant Natural,"35% Classic, 25% Romantic, 20% Natural, 10% High Spirited, 10% Dramatic",classic,1.5896,8.2103,4.992
Jane Seymour,Western celebrities,West-leaning,Theatrical Romantic,,,2.816,7.8314,6.59
Jane Wyman,Western celebrities,East-leaning,Dramatic Classic,,,1.6071,8.2683,7.6621
Jean Harlow,Western celebrities,West-leaning,Theatrical Romantic,,,2.2899,8.0504,5.881
Jean Seberg,Western celebrities,West-leaning,Gamine,,,2.1872,9.1218,6.9875
Jean Simmons,Western celebrities,Third shape,Romantic,,,5.4956,12.4062,6.8943
Jean Smart,Western celebrities,East-leaning,Flamboyant Natural,,,1.2793,8.7014,7.5192
Jennifer Coolidge,Western celebrities,West-leaning,,,,0.9712,7.8165,5.3599
Jennifer Lawrence,Western celebrities,Third shape,Flamboyant Natural,Natural dominantly with a Youthful secondary and a tiny amount of High-Spirited,natural,5.7142,12.6759,7.0861
Jennifer Lopez,Western celebrities,West-leaning,Soft Natural,,,3.0118,7.853,6.9758
Jennifer Love Hewitt,Western celebrities,West-leaning,Flamboyant Gamine,,,1.5761,7.7106,5.2414
Jessica Chastain,Western celebrities,West-leaning,,,,2.9818,8.3263,5.908
Jessica Lange,Western celebrities,West-leaning,Romantic,,,0.8001,8.7309,7.5758
Jessye Norman,Western celebrities,Third shape,,,,2.5137,9.7395,5.8863
Joan Bennett,Western celebrities,Third shape,Theatrical Romantic,,,5.3756,12.2619,6.7856
Joan Collins,Western celebrities,West-leaning,Theatrical Romantic,,,2.9217,9.2276,6.8439
Joan Crawford,Western celebrities,West-leaning,Dramatic,,,0.9337,7.4667,7.0151
Joan Fontaine,Western celebrities,West-leaning,Soft Classic,,,1.9077,8.6501,6.8134
Joan Slatterly,Western celebrities,Third shape,Soft Classic,,,5.3397,12.8567,6.9122
Joanne Woodward,Western celebrities,Third shape,Soft Natural,,,5.4708,12.4673,6.9296
Josephine Baker,Western celebrities,East-leaning,Flamboyant Natural,,,0.9274,7.3426,7.0633
Jourdan Dunn,Western celebrities,East-leaning,,,,1.8579,6.9838,9.3053
Judy Collins,Western celebrities,West-leaning,Soft Natural,,,2.74,8.916,5.6334
Judy Garland,Western celebrities,East-leaning,Soft Gamine,Romantic with High-Spirited,romantic,2.6046,9.2557,7.3605
Judy Holliday,Western celebrities,West-leaning,Soft Natural,,,2.5163,8.1354,5.5871
Julia Child,Western celebrities,West-leaning,,,,2.4564,10.0298,7.0613
Julia Garner,Western celebrities,East-leaning,Flamboyant Gamine,,,1.1594,7.5126,8.514
Julia Roberts,Western celebrities,West-leaning,Flamboyant Natural,Romantic with natural,romantic,1.7487,8.3855,5.1345
Kamala Harris,Western celebrities,Third shape,Soft Natural,,,5.6384,12.5655,6.8834
Karen Allen,Western celebrities,East-leaning,Natural,,,2.1042,6.5703,8.1478
Kat Dennings,Western celebrities,West-leaning,Soft Natural,,,2.8734,8.4233,5.8289
Kate Winslet,Western celebrities,West-leaning,Romantic,,,2.3106,8.7054,5.95
Katharine Hepburn,Western celebrities,East-leaning,Dramatic,,,1.9863,8.4239,7.53
Katharine McPhee,Western celebrities,West-leaning,,,,3.4884,9.9844,6.2804
Katharine Ross,Western celebrities,Third shape,Dramatic Classic,,,5.5193,12.6499,7.0086
Kathleen Turner,Western celebrities,West-leaning,Dramatic,,,2.385,10.338,6.7976
Kathy Bates,Western celebrities,East-leaning,,,,0.5644,7.2735,6.2312
Katie Holmes,Western celebrities,West-leaning,Flamboyant Natural,,,3.1215,9.8706,6.8915
Katy Jurado,Western celebrities,East-leaning,Dramatic,,,1.9271,6.5569,7.8992
Katy Perry,Western celebrities,West-leaning,Soft Natural,,,2.3692,9.3582,5.3945
Kelly Osbourne,Western celebrities,West-leaning,Flamboyant Gamine,,,2.2241,7.9383,5.7141
Kiera Knightley,Western celebrities,Third shape,Dramatic,,,5.7447,12.8668,7.247
Kim Basinger,Western celebrities,West-leaning,Soft Natural,,,2.4785,10.0674,7.332
Kim Novak,Western celebrities,West-leaning,Soft Dramatic,,,1.489,9.1799,6.627
Kirsten Dunst,Western celebrities,West-leaning,Soft Classic,,,2.3188,10.1782,6.9284
Lana Turner,Western celebrities,Third shape,Dramatic Classic,,,5.6611,12.3465,6.8508
Lana Wood,Western celebrities,Third shape,Soft Natural,,,4.6725,11.5108,6.3622
Laura Dern,Western celebrities,West-leaning,,,,1.2014,7.481,5.33
Laura Linney,Western celebrities,West-leaning,Soft Classic,,,1.3812,10.1525,5.8717
Laura Mariano,Western celebrities,West-leaning,,,,2.7846,9.8105,5.6397
Lauren Bacall,Western celebrities,East-leaning,Dramatic,,,2.2258,6.777,8.2086
Lauren Hutton,Western celebrities,West-leaning,,,,1.4025,9.1262,5.9937
Lee Remick,Western celebrities,West-leaning,Soft Classic,,,3.2866,10.0675,6.2595
Lena Horne,Western celebrities,West-leaning,Soft Dramatic,,,2.2171,8.0783,5.5979
Lesley Lawson (Twiggy),Western celebrities,West-leaning,Flamboyant Gamine,,,2.5547,8.4684,5.4295
Lesley Manville,Western celebrities,East-leaning,,,,1.0098,6.6752,7.9274
Leslie Caron,Western celebrities,Third shape,Soft Gamine,"possibly High-Spirited, Romantic, and Classic",high spirited,4.22,11.2438,6.3113
Liliane Montevecchi,Western celebrities,West-leaning,Flamboyant Gamine,,,2.3544,8.5904,5.7165
Lily Collins,Western celebrities,West-leaning,,,,1.2896,9.177,6.4262
Linda Evans,Western celebrities,West-leaning,Flamboyant Natural,,,2.0965,8.699,6.3662
Linda Gray,Western celebrities,West-leaning,Dramatic Classic,,,2.7699,9.0832,5.6124
Linda Ronstadt,Western celebrities,West-leaning,Soft Gamine,,,2.5936,10.0605,6.0862
Lisa Lu,Western celebrities,East-leaning,Flamboyant Natural,,,-0.1329,7.9516,6.98
Liv Tyler,Western celebrities,West-leaning,Flamboyant Natural,"40% Youthful, 30% Romantic, 10% Angelic, Classic, and High spirited",youthful,2.9847,8.3745,5.7864
Liv Ullmann,Western celebrities,West-leaning,Flamboyant Natural,Angelic,,1.5308,10.0904,5.6737
Liza Minnelli,Western celebrities,West-leaning,Flamboyant Gamine,High-Spirited,high spirited,2.9941,8.9931,6.4384
Lizzy Caplan,Western celebrities,Third shape,Dramatic Classic,,,5.6254,12.7726,7.0527
Lotus Long,Western celebrities,East-leaning,Romantic,,,1.4463,8.0069,7.4619
Louise Brooks,Western celebrities,West-leaning,Dramatic,,,2.3479,7.9242,5.8052
Lucie Arnaz,Western celebrities,West-leaning,Flamboyant Natural,,,1.7405,7.5481,5.3233
Lucille Ball,Western celebrities,Third shape,Flamboyant Natural,,,4.9662,11.7239,6.627
Lucy Liu,Western celebrities,East-leaning,Flamboyant Gamine,"35% Dramatic, 25% High Spirited, 25% Romantic, 15% Classic",dramatic,0.1637,7.3113,7.9436
Lupe Velez,Western celebrities,East-leaning,Soft Gamine,,,2.3628,7.2461,8.7007
Lupita Nyong'o,Western celebrities,West-leaning,,,,1.4161,10.0691,7.1565
Lynn Redgrave,Western celebrities,West-leaning,Flamboyant Natural,,,2.5646,8.7772,5.8861
Madhubala,Western celebrities,Third shape,Flamboyant Natural,,,5.5507,12.301,6.7891
Madonna,Western celebrities,West-leaning,Romantic,,,1.3747,9.0091,6.1306
Mae West,Western celebrities,West-leaning,Soft Dramatic,,,1.5989,8.0053,5.0602
Maggie Gyllenhaal,Western celebrities,Third shape,,,,5.7048,12.4059,6.9755
Maggie Smith,Western celebrities,West-leaning,Dramatic,"25% Natural, 20% Classic, 20% Romantic, 20% High Spirited, 10% Youthful, 5% Angelic",natural,1.8267,9.6037,6.3439
Maria Callas,Western celebrities,West-leaning,Soft Dramatic,,,0.2761,8.3027,6.6201
Maria Felix,Western celebrities,Third shape,Flamboyant Natural,,,4.9293,11.7436,6.5413
Maria Montez,Western celebrities,West-leaning,Flamboyant Natural,,,2.6602,8.7172,5.3458
Maria Shriver,Western celebrities,Third shape,Dramatic Classic,,,5.3921,12.6578,6.9775
Marilyn McCoo,Western celebrities,Third shape,Theatrical Romantic,,,4.34,11.4249,6.3384
Marilyn Monroe,Western celebrities,East-leaning,Romantic,"Youthful, romantic, natural",youthful,2.4468,9.1321,7.2631
Marion Cotillard,Western celebrities,West-leaning,Soft Classic,,,1.743,9.5127,7.3806
Marisa Tomei,Western celebrities,West-leaning,Soft Natural,,,2.7127,8.8884,5.9149
Marlene Dietrich,Western celebrities,East-leaning,Soft Dramatic,,,2.2382,7.009,8.0264
Mary Martin,Western celebrities,West-leaning,Soft Gamine,,,2.1799,8.4417,6.6918
Mary Pickford,Western celebrities,West-leaning,Soft Gamine,,,1.8555,7.8124,5.2121
Maylia Fong,Western celebrities,East-leaning,Theatrical Romantic,,,2.0727,9.4392,7.4998
Meg Ryan,Western celebrities,West-leaning,,,,2.6887,8.6664,5.3581
"Meghan, Duchess of Sussex",Western celebrities,West-leaning,,,,0.9195,7.893,5.5294
Meredith Baxter Birney,Western celebrities,West-leaning,Soft Classic,,,2.8454,9.0307,6.1225
Merle Oberon,Western celebrities,East-leaning,Soft Classic,,,1.831,7.0797,8.0463
Meryl Streep,Western celebrities,West-leaning,Soft Classic,"Classic, with small doses of Angelic and Natural",classic,0.6559,9.064,7.1406
Michelle Dockery,Western celebrities,West-leaning,Dramatic,,,2.127,8.4256,7.7121
Michelle Lee,Western celebrities,West-leaning,Soft Dramatic,,,2.6002,8.8916,8.0811
Michelle Obama,Western celebrities,West-leaning,Flamboyant Natural,Dramatic,dramatic,0.6976,9.8578,6.4188
Michelle Williams,Western celebrities,West-leaning,,,,1.9929,10.2158,6.4164
Mila Kunis,Western celebrities,West-leaning,Theatrical Romantic,Highly Romantic with some Youthful and High-Spirited,romantic,1.7175,9.8048,7.5751
Mitsuko Uchida,Western celebrities,East-leaning,,,,0.5269,7.2118,6.1729
Mitzi Gaynor,Western celebrities,East-leaning,Flamboyant Natural,,,0.3835,8.3503,7.3602
Miyoshi Umeki,Western celebrities,East-leaning,Flamboyant Gamine,,,-0.0776,7.5918,6.806
Mo'Nique,Western celebrities,East-leaning,,,,1.7366,6.6148,9.355
Molly Ringwald,Western celebrities,West-leaning,Soft Natural,,,1.9379,8.0619,4.9791
Morgan Brittany,Western celebrities,East-leaning,Theatrical Romantic,,,1.4952,7.9898,7.3883
Morgan Fairchild,Western celebrities,East-leaning,Theatrical Romantic,,,1.3541,6.8455,7.1321
Nancy Kwan,Western celebrities,East-leaning,Soft Classic,,,-0.1134,8.1819,6.9568
Nancy Wilson,Western celebrities,West-leaning,Dramatic Classic,,,0.5915,9.9156,6.082
Naomi Watts,Western celebrities,West-leaning,Soft Classic,,,1.9091,8.2916,6.1735
Nastassja Kinski,Western celebrities,West-leaning,Flamboyant Gamine,,,1.6419,10.1564,6.2849
Natalie Dormer,Western celebrities,Third shape,Flamboyant Natural,,,4.4359,11.3638,6.448
Natalie Wood,Western celebrities,Third shape,Soft Gamine,,,5.5849,12.7581,7.1532
Nicola Coughlan,Western celebrities,West-leaning,,,,1.5507,9.5483,6.5096
Nicole Kidman,Western celebrities,West-leaning,Flamboyant Natural,Classic with Youthful,classic,1.9692,8.4464,7.5887
Nina Mae McKinney,Western celebrities,West-leaning,Soft Classic,,,2.8115,9.2603,6.6757
Norma Shearer,Western celebrities,West-leaning,Soft Classic,,,1.4899,7.4713,5.8869
Octavia Spencer,Western celebrities,West-leaning,Soft Gamine,,,0.8456,9.634,6.6659
Olivia Culpo,Western celebrities,West-leaning,Dramatic,,,1.4559,8.6451,6.3096
Olivia de Havilland,Western celebrities,West-leaning,Soft Classic,,,1.3211,8.9729,6.5792
Olivia Munn,Western celebrities,West-leaning,Dramatic Classic,,,2.394,8.5442,7.9354
Oprah Winfrey,Western celebrities,Third shape,,,,3.8852,10.74,6.2942
P!nk,Western celebrities,Third shape,Soft Natural,,,5.6438,12.7902,7.1713
Pat Benetar,Western celebrities,West-leaning,Gamine,,,2.7419,9.0492,6.8185
Pattie LuPone,Western celebrities,West-leaning,Flamboyant Gamine,,,1.3927,9.7987,6.6342
Paulette Goddard,Western celebrities,West-leaning,Gamine,,,1.428,8.4722,6.0405
Phylicia Rashad,Western celebrities,West-leaning,Dramatic Classic,,,3.7893,10.2559,6.6664
Polly Bergen,Western celebrities,West-leaning,Dramatic Classic,,,2.7132,8.7146,6.4198
Rachael Ray,Western celebrities,West-leaning,,,,1.3689,10.0986,5.7956
Rachel Weisz,Western celebrities,West-leaning,Soft Dramatic,"Romantic dominant with significant Youthful, plus Natural and Classic",romantic,2.1661,9.0463,6.0486
Raquel Welch,Western celebrities,West-leaning,Soft Dramatic,,,1.9666,9.8679,7.605
Reese Witherspoon,Western celebrities,West-leaning,Soft Gamine,,,1.5496,10.1755,6.5937
Rekha,Western celebrities,West-leaning,Romantic,,,1.9613,8.804,6.8399
Renee Flemming,Western celebrities,West-leaning,,,,2.4535,9.6906,6.8065
Renee Torres,Western celebrities,West-leaning,Romantic,,,2.6814,9.0691,6.507
Renee Zellweger,Western celebrities,West-leaning,Soft Natural,,,0.9775,9.9467,5.7312
Rita Hayworth,Western celebrities,West-leaning,Soft Dramatic,,,2.0761,8.6275,7.2864
Rita Moreno,Western celebrities,East-leaning,Flamboyant Gamine,High spirited,high spirited,1.3064,9.6429,7.5891
Rosalind Russell,Western celebrities,West-leaning,Flamboyant Natural,,,2.0909,9.9817,6.8942
Roseanna Arquette,Western celebrities,West-leaning,Gamine,,,1.5326,7.6898,7.1504
Roseanne,Western celebrities,West-leaning,,,,2.5741,8.8472,8.099
Sabrina Carpenter,Western celebrities,West-leaning,Soft Gamine,,,1.0008,9.3913,7.3275
Saina Nehwal,Western celebrities,West-leaning,,,,2.1051,10.167,5.7798
Sally Field,Western celebrities,West-leaning,Soft Gamine,,,2.5851,9.7181,5.6645
Salma Hayek,Western celebrities,West-leaning,Theatrical Romantic,"Classic, Romantic",classic,1.8668,8.8974,6.2437
Saloma,Western celebrities,West-leaning,Soft Dramatic,,,1.1223,9.8,7.4312
Sandra Bullock,Western celebrities,Third shape,Soft Natural,,,5.0453,12.0012,6.5762
Sandra Milo,Western celebrities,West-leaning,Soft Dramatic,,,1.8592,10.3212,6.2403
Sandra Oh,Western celebrities,West-leaning,,,,0.9333,8.0349,5.2976
Sara Montiel,Western celebrities,Third shape,Soft Dramatic,,,5.1855,12.0628,6.716
Sarah Jessica Parker,Western celebrities,West-leaning,Flamboyant Natural,,,2.6471,9.528,5.1535
"Sarah, Duchess of York (Furgie)",Western celebrities,West-leaning,Soft Natural,,,2.1141,8.6941,6.0135
Selena Gomez,Western celebrities,West-leaning,Theatrical Romantic,"40% Romantic, 20% Youthful, 10% Dramatic, High-Spirited, Classic, and Natural",romantic,2.2366,9.7955,6.7561
Shari Belafonte,Western celebrities,West-leaning,Flamboyant Gamine,,,1.641,9.0727,7.2786
Shelley Winters,Western celebrities,West-leaning,Soft Natural,,,0.4099,8.4647,7.2868
Sheryl Lee Ralph,Western celebrities,Third shape,Dramatic,,,4.2285,11.0059,6.3848
Shirley MacLaine,Western celebrities,West-leaning,Flamboyant Natural,High spirited,high spirited,3.5678,9.8338,6.8144
Shohreh Aghdashloo,Western celebrities,East-leaning,Soft Dramatic,,,2.2623,7.0847,8.9932
Sigourney Weaver,Western celebrities,West-leaning,,,,1.9797,8.883,6.2995
Simone Biles,Western celebrities,Third shape,,,,2.3332,9.7901,6.1071
Sissy Spacek,Western celebrities,East-leaning,Soft Natural,,,2.2742,6.9015,8.7474
Sofia Vergara,Western celebrities,West-leaning,Soft Dramatic,,,0.3435,9.4145,6.608
Stephanie Abrams,Western celebrities,West-leaning,,,,2.5871,8.8744,8.0868
Stephanie Powers,Western celebrities,West-leaning,Soft Natural,,,3.0207,9.76,5.8376
Suzanne Pleshette,Western celebrities,East-leaning,Dramatic Classic,,,1.6775,9.1387,8.0568
Taylor Swift,Western celebrities,West-leaning,Dramatic,,,3.072,9.2353,6.5634
Terri Garr,Western celebrities,West-leaning,Soft Natural,,,3.0395,9.4044,6.9162
Tilda Swinton,Western celebrities,East-leaning,Dramatic,"35% Angelic, 25% Natural, 20% Classic, 15% Dramatic, 5% Romantic",angelic,1.5069,9.0034,6.4585
Tina Turner,Western celebrities,West-leaning,Flamboyant Gamine,"30% Dramatic, 30% Natural, 25% Romantic, 10% Classic, 5% High Spirited",dramatic,0.3931,9.4302,6.6477
Tracee Ellis Ross,Western celebrities,West-leaning,Flamboyant Natural,Dramatic,dramatic,1.0308,7.5729,5.448
Tracy Scoggins,Western celebrities,Third shape,Dramatic Classic,,,4.6308,11.5156,6.5018
Uma Thurman,Western celebrities,Third shape,Flamboyant Natural,,,5.5824,12.842,7.0901
Valerie Perrine,Western celebrities,West-leaning,Soft Dramatic,,,1.2419,9.4001,6.7869
Vanessa Redgrave,Western celebrities,West-leaning,Flamboyant Natural,"Classic, Angelic",classic,1.2623,9.427,5.8712
Veronica Lake,Western celebrities,East-leaning,Soft Classic,,,1.9854,6.5003,8.5375
Victoria Principal,Western celebrities,West-leaning,Soft Gamine,Romantic with High-Spirited,romantic,3.8004,10.6517,6.4367
Vivien Leigh,Western celebrities,East-leaning,Theatrical Romantic,,,1.1585,7.8864,7.9342
Wanda Sykes,Western celebrities,West-leaning,,,,3.8428,10.273,5.9434
Whoopi Goldberg,Western celebrities,Third shape,,,,3.9516,10.7666,6.2691
Zendaya,Western celebrities,West-leaning,,,,0.507,9.4789,6.8754
Zooey Deschanel,Western celebrities,West-leaning,Flamboyant Gamine,,,2.7927,9.7733,5.4522
Jennie Kim,East Asian celebrities,East-leaning,,,,1.6268,6.6362,9.1008
Lisa Manobal,East Asian celebrities,West-leaning,,,,3.1777,10.1094,6.8307
Roseanne Park,East Asian celebrities,West-leaning,,,,3.128,10.2181,6.2382
Im Nayeon,East Asian celebrities,East-leaning,,,,1.6821,6.1594,8.7657
Yoo Jeongyeon,East Asian celebrities,East-leaning,,,,1.4644,7.4198,9.3334
Hirai Momo,East Asian celebrities,West-leaning,,,,1.1222,7.4444,7.165
Minatozaki Sana,East Asian celebrities,East-leaning,,,,0.7519,7.9597,7.6262
Park Jihyo,East Asian celebrities,East-leaning,,,,2.0354,6.6756,7.9483
Myoui Mina,East Asian celebrities,East-leaning,,,,1.8345,7.5205,7.7822
Kim Dahyun,East Asian celebrities,East-leaning,,,,2.3957,7.6385,8.1635
Son Chaeyoung,East Asian celebrities,East-leaning,,,,0.1991,7.8511,6.9106
Chou Tzuyu,East Asian celebrities,East-leaning,,,,1.4442,7.4533,9.4433
Bae Joohyun,East Asian celebrities,East-leaning,,,,1.2562,7.2214,8.5672
Kang Seulgi,East Asian celebrities,East-leaning,,,,1.0107,7.9583,7.9087
Son Seungwan,East Asian celebrities,East-leaning,,,,1.0371,6.8571,7.2975
Park Sooyoung,East Asian celebrities,East-leaning,,,,1.6854,6.5073,9.2953
Kim Yerim,East Asian celebrities,East-leaning,,,,2.0004,7.2425,8.5344
Yu Jimin,East Asian celebrities,East-leaning,,,,1.6713,6.3434,9.0407
Uchinaga Aeri,East Asian celebrities,East-leaning,,,,1.5501,7.1435,9.5944
Ning Yizhuo,East Asian celebrities,East-leaning,,,,1.5528,7.1205,9.597
An Yujin,East Asian celebrities,East-leaning,,,,2.2009,7.3614,7.608
Kim Gaeul,East Asian celebrities,East-leaning,,,,1.5319,6.3023,8.8962
Naoi Rei,East Asian celebrities,East-leaning,,,,1.7502,7.2413,8.4092
Jang Wonyoung,East Asian celebrities,Third shape,,,,5.3403,12.1511,6.7539
Kim Jiwon,East Asian celebrities,East-leaning,,,,2.0926,7.3161,8.1629
Lee Hyunseo,East Asian celebrities,East-leaning,,,,2.7748,7.6542,7.0272
Kim Minji,East Asian celebrities,East-leaning,,,,1.607,7.1101,9.6034
Pham Ngoc Han,East Asian celebrities,East-leaning,,,,1.9278,6.9966,9.3449
Mo Jihye,East Asian celebrities,East-leaning,,,,2.1798,7.3478,8.501
Kang Haerin,East Asian celebrities,East-leaning,,,,1.6463,6.2976,9.0973
Lee Hyein,East Asian celebrities,Third shape,,,,5.4301,12.8282,6.9844
Kim Chaewon,East Asian celebrities,East-leaning,,,,1.8876,6.8713,9.1796
Huh Yunjin,East Asian celebrities,East-leaning,,,,1.5857,7.4355,8.793
Nakamura Kazuha,East Asian celebrities,West-leaning,,,,3.8474,10.3784,6.5565
Hwang Yeji,East Asian celebrities,East-leaning,,,,1.7121,9.3877,7.9611
Choi Jisu,East Asian celebrities,East-leaning,,,,1.3234,6.2339,9.1949
Lee Chaeryeong,East Asian celebrities,West-leaning,,,,2.5545,7.9248,8.0252
Cho Miyeon,East Asian celebrities,Third shape,,,,3.8666,10.3819,6.6206
Nicha Yontararak,East Asian celebrities,East-leaning,,,,1.6028,6.4809,9.3673
Jeon Soyeon,East Asian celebrities,East-leaning,,,,2.6833,8.2587,8.089
Song Yuqi,East Asian celebrities,East-leaning,,,,1.3386,6.8507,9.4207
Yeh Shuhua,East Asian celebrities,West-leaning,,,,3.762,10.2422,6.5284
Lee Seeun,East Asian celebrities,West-leaning,,,,2.6263,8.5967,5.5748
Yoon Simin,East Asian celebrities,East-leaning,,,,1.564,6.2026,8.7418
Shin Yoon,East Asian celebrities,East-leaning,,,,1.4158,6.882,8.4393
Lee Jiwoo,East Asian celebrities,West-leaning,,,,2.0671,8.5124,4.9991
Oh Haewon,East Asian celebrities,East-leaning,,,,1.4489,7.4718,9.4707
Bae Jinah,East Asian celebrities,East-leaning,,,,1.6891,7.4402,8.8336
Jang Kyujin,East Asian celebrities,Third shape,,,,5.432,12.1023,6.7254
Tiffany Young,East Asian celebrities,East-leaning,,,,1.6009,6.798,8.5844
Im Yoona,East Asian celebrities,East-leaning,,,,0.5037,7.0749,6.8819
Seo Joohyun,East Asian celebrities,Third shape,,,,4.2465,10.719,6.6188
Choi Sooyoung,East Asian celebrities,East-leaning,,,,1.5726,7.9463,7.7868
Kim Hyoyeon,East Asian celebrities,East-leaning,,,,1.7203,6.6197,8.495
Lee Soonkyu,East Asian celebrities,Third shape,,,,5.6058,12.2218,6.81
Jessica Jung,East Asian celebrities,East-leaning,,,,1.3101,7.2574,8.4093
Jung Soojung,East Asian celebrities,East-leaning,,,,0.2867,7.9247,6.8834
Amber Liu,East Asian celebrities,West-leaning,,,,1.135,9.706,6.0973
Park Sunyoung,East Asian celebrities,East-leaning,,,,2.9045,7.6983,7.128
Lee Chaerin,East Asian celebrities,East-leaning,,,,2.3927,7.4499,8.3409
Park Sandara,East Asian celebrities,East-leaning,,,,0.4849,8.2573,7.4472
Gong Minji,East Asian celebrities,East-leaning,,,,1.4297,6.2181,8.3258
Park Bom,East Asian celebrities,East-leaning,,,,1.9681,7.5742,8.0928
Moon Byulyi,East Asian celebrities,East-leaning,,,,1.3064,6.8599,7.7687
Jung Wheein,East Asian celebrities,East-leaning,,,,0.2057,7.4537,6.7249
Ahn Hyejin,East Asian celebrities,East-leaning,,,,0.6092,6.7424,7.9052
Lee Jieun,East Asian celebrities,East-leaning,,,,2.3768,7.4525,8.3327
Lee Sunmi,East Asian celebrities,East-leaning,,,,0.8914,6.0484,8.7138
Kim Chungha,East Asian celebrities,East-leaning,,,,1.3851,6.515,9.2848
Jeon Somi,East Asian celebrities,West-leaning,,,,3.3256,10.023,6.1996
Kwon Eunbi,East Asian celebrities,East-leaning,,,,1.4163,7.7264,7.6879
Kim Sejeong,East Asian celebrities,East-leaning,,,,1.562,7.6747,8.0513
Bae Suzy,East Asian celebrities,East-leaning,,,,1.3729,6.0782,8.4445
Park Chorong,East Asian celebrities,East-leaning,,,,1.1232,6.8275,7.3937
Yoon Bomi,East Asian celebrities,East-leaning,,,,1.3343,6.442,8.7583
Son Naeun,East Asian celebrities,East-leaning,,,,1.4482,6.1597,8.4276
Oh Hayoung,East Asian celebrities,West-leaning,,,,0.2889,8.4305,6.6988
Park Jiyeon,East Asian celebrities,West-leaning,,,,3.2158,10.599,6.1384
Ham Eunjung,East Asian celebrities,East-leaning,,,,0.585,7.1488,6.9627
Park Hyomin,East Asian celebrities,East-leaning,,,,1.5342,6.166,8.3161
Heo Solji,East Asian celebrities,East-leaning,,,,1.2804,7.7374,7.7662
Ahn Heeyeon,East Asian celebrities,West-leaning,,,,0.7648,7.3523,6.9418
Kim Hyunjung,East Asian celebrities,Third shape,,,,5.4593,12.0993,6.7389
Seo Hyelin,East Asian celebrities,West-leaning,,,,2.3017,8.0077,5.8747
Park Junghwa,East Asian celebrities,East-leaning,,,,1.4181,6.2087,8.2461
Jeon Heejin,East Asian celebrities,East-leaning,,,,2.0737,6.7732,9.0596
Kim Hyunjin,East Asian celebrities,East-leaning,,,,1.6359,7.1881,9.5853
Jo Haseul,East Asian celebrities,East-leaning,,,,1.1694,7.0009,8.315
Choi Yerim,East Asian celebrities,East-leaning,,,,0.6247,6.9217,6.7751
Kim Jiwoo,East Asian celebrities,East-leaning,,,,1.3396,7.6401,9.4082
Son Hyejoo,East Asian celebrities,East-leaning,,,,0.6469,7.0192,6.5884
Kim Lip,East Asian celebrities,Third shape,,,,5.4275,12.4719,6.8638
Park Chaeyoung,East Asian celebrities,East-leaning,,,,1.5029,6.6733,9.3887
Jung Jinsoul,East Asian celebrities,East-leaning,,,,1.4613,7.4513,9.4449
Kim Sojung,East Asian celebrities,East-leaning,,,,1.199,6.3706,7.7145
Jung Yerin,East Asian celebrities,East-leaning,,,,1.382,6.2829,8.1541
Jung Eunbi,East Asian celebrities,East-leaning,,,,1.8747,6.7652,7.7963
Hwang Eunbi,East Asian celebrities,East-leaning,,,,1.4269,6.204,8.3955
Choi Yuna,East Asian celebrities,East-leaning,,,,2.2236,6.9608,8.0756
Kim Bora,East Asian celebrities,East-leaning,,,,2.4582,7.5112,7.9029
Hyolyn,East Asian celebrities,West-leaning,,,,3.5005,10.0217,6.801
Yoo Sua,East Asian celebrities,East-leaning,,,,0.4846,7.0394,6.7421
Park Subin,East Asian celebrities,East-leaning,,,,0.6122,7.1211,6.8555
Choi Yoojung,East Asian celebrities,Third shape,,,,4.7006,11.319,6.5867
Choi Yewon,East Asian celebrities,Third shape,,,,5.5348,12.8844,7.0906
Kim Minju,East Asian celebrities,East-leaning,,,,0.9273,7.7735,7.5783
Lee Chaeyeon,East Asian celebrities,East-leaning,,,,2.4788,7.5796,8.1697
Jo Yuri,East Asian celebrities,East-leaning,,,,2.2927,7.5229,7.2768
Choi Yena,East Asian celebrities,East-leaning,,,,1.4649,6.6817,8.5448
Kang Hyewon,East Asian celebrities,West-leaning,,,,0.9962,7.2596,6.3462
Kim Jiho,East Asian celebrities,East-leaning,,,,1.2872,7.8461,7.8188
Yoo Shiah,East Asian celebrities,East-leaning,,,,1.3454,7.4267,8.9882
Lee Midam,East Asian celebrities,East-leaning,,,,1.5085,6.0256,8.8689
Kim Yoohyeon,East Asian celebrities,East-leaning,,,,1.5858,7.2565,9.5077
Kim Minji,East Asian celebrities,East-leaning,,,,1.5924,7.0398,9.6484
Lee Siyeon,East Asian celebrities,West-leaning,,,,3.0414,7.878,7.0104
Song Hayoung,East Asian celebrities,East-leaning,,,,0.9398,6.9991,7.7165
Jang Gyuri,East Asian celebrities,East-leaning,,,,0.5557,7.9662,7.035
Baek Jiheon,East Asian celebrities,East-leaning,,,,1.1105,6.6599,9.0397
Roh Jisun,East Asian celebrities,East-leaning,,,,1.42,6.033,8.3767
Song Hye-kyo,East Asian celebrities,Third shape,,,,4.4837,10.934,6.6423
Jun Ji-hyun,East Asian celebrities,East-leaning,,,,1.2158,7.5381,7.4362
Park Shin-hye,East Asian celebrities,West-leaning,,,,3.6229,10.2361,6.3932
Kim Tae-hee,East Asian celebrities,East-leaning,,,,-0.1136,7.8507,6.967
Han So-hee,East Asian celebrities,East-leaning,,,,1.3502,6.1575,8.0255
Kim Ji-won,East Asian celebrities,West-leaning,,,,0.9574,9.1285,6.5558
Shin Min-a,East Asian celebrities,East-leaning,,,,1.5908,6.6234,9.3526
Han Hyo-joo,East Asian celebrities,West-leaning,,,,3.4102,10.209,6.343
Kim Go-eun,East Asian celebrities,East-leaning,,,,1.2771,6.0385,8.4073
Moon Ga-young,East Asian celebrities,East-leaning,,,,0.5512,6.9151,6.6538
Shin Hye-sun,East Asian celebrities,East-leaning,,,,0.8339,6.7579,7.6631
Kim So-hyun,East Asian celebrities,East-leaning,,,,0.4227,7.823,7.8982
Park Bo-young,East Asian celebrities,East-leaning,,,,1.3663,6.8038,8.564
Song Ji-hyo,East Asian celebrities,East-leaning,,,,0.4749,8.3646,7.4236
Park Min-young,East Asian celebrities,East-leaning,,,,0.7479,6.4366,7.9039
Han Ji-min,East Asian celebrities,East-leaning,,,,1.3921,7.7297,8.1459
Gong Hyo-jin,East Asian celebrities,East-leaning,,,,-0.0946,8.0601,6.8855
Son Ye-jin,East Asian celebrities,West-leaning,,,,0.0395,8.3697,6.9437
Lee Bo-young,East Asian celebrities,West-leaning,,,,0.9766,7.8124,5.9534
Yoon Eun-hye,East Asian celebrities,East-leaning,,,,1.4482,7.7325,7.6644
Ha Ji-won,East Asian celebrities,West-leaning,,,,0.3688,8.1995,6.2707
Lee Young-ae,East Asian celebrities,East-leaning,,,,0.6826,6.6728,7.6266
Jeon Do-yeon,East Asian celebrities,East-leaning,,,,0.701,6.8157,7.6983
Seo Ye-ji,East Asian celebrities,West-leaning,,,,0.5396,7.586,5.9999
Kang Han-na,East Asian celebrities,East-leaning,,,,0.8898,6.7231,8.87
Kim Da-mi,East Asian celebrities,Third shape,,,,4.627,11.257,6.5568
Roh Yoon-seo,East Asian celebrities,East-leaning,,,,1.0339,6.1353,8.9509
Kim Hee-sun,East Asian celebrities,East-leaning,,,,0.9593,6.097,8.9567
Cho Yi-hyun,East Asian celebrities,East-leaning,,,,1.5701,6.0705,8.6654
Park Ju-hyun,East Asian celebrities,East-leaning,,,,0.6672,7.2797,6.4281
Kwon Nara,East Asian celebrities,West-leaning,,,,0.7363,7.4852,6.8069
Lee Da-hee,East Asian celebrities,East-leaning,,,,1.1907,8.1657,7.5064
Lee Si-young,East Asian celebrities,East-leaning,,,,0.6649,6.3764,7.9929
Lee Yeon-hee,East Asian celebrities,West-leaning,,,,0.9231,9.1855,7.2218
Park Eun-bin,East Asian celebrities,West-leaning,,,,3.4442,10.0877,6.2687
Nam Ji-hyun,East Asian celebrities,East-leaning,,,,1.3002,8.1078,7.4284
Jung So-min,East Asian celebrities,East-leaning,,,,0.5736,7.9072,7.3745
Im Se-mi,East Asian celebrities,West-leaning,,,,2.9734,9.001,6.297
Chae Soo-bin,East Asian celebrities,East-leaning,,,,2.1403,6.5042,8.6083
Lee Se-young,East Asian celebrities,East-leaning,,,,1.0783,7.2546,8.5484
Kim Hyang-gi,East Asian celebrities,East-leaning,,,,1.144,6.079,8.1504
Shin Se-kyung,East Asian celebrities,East-leaning,,,,1.2981,6.4222,9.1058
Song Ha-yoon,East Asian celebrities,East-leaning,,,,1.1267,6.2546,9.1253
Cha Joo-young,East Asian celebrities,East-leaning,,,,0.5784,7.9435,7.4832
Kim Min-ha,East Asian celebrities,West-leaning,,,,0.533,7.6026,7.0181
Jang Nara,East Asian celebrities,Third shape,,,,4.5682,11.0761,6.6312
Ku Hye-sun,East Asian celebrities,East-leaning,,,,1.8838,7.5086,8.0941
Kim Sun-a,East Asian celebrities,West-leaning,,,,0.8029,7.7999,5.551
Choi Ji-woo,East Asian celebrities,East-leaning,,,,0.5453,6.5196,7.8178
Lee Min-jung,East Asian celebrities,East-leaning,,,,0.7143,6.9221,8.6221
Jeon So-nee,East Asian celebrities,East-leaning,,,,1.2734,6.6069,9.3807
Park Gyu-young,East Asian celebrities,East-leaning,,,,1.1512,6.7829,7.6114
Moon So-ri,East Asian celebrities,West-leaning,,,,0.1241,8.3866,6.6065
Bae Doona,East Asian celebrities,East-leaning,,,,0.5705,6.9251,8.667
Park So-dam,East Asian celebrities,East-leaning,,,,1.013,6.048,8.8165
Lee Joo-young,East Asian celebrities,East-leaning,,,,1.2151,5.9565,8.5076
Nana Im Jin-ah,East Asian celebrities,Third shape,,,,5.6212,12.723,6.961
Lim Soo-jung,East Asian celebrities,East-leaning,,,,1.2435,6.5462,8.8541
Lee Na-young,East Asian celebrities,East-leaning,,,,0.3121,7.2403,8.1228
Jung Ryeo-won,East Asian celebrities,East-leaning,,,,0.1272,7.7111,7.1188
Oh Yeon-seo,East Asian celebrities,East-leaning,,,,0.2889,7.3774,8.045
Kim Hee-ae,East Asian celebrities,East-leaning,,,,0.3809,7.2958,6.7633
Lee Ji-ah,East Asian celebrities,East-leaning,,,,0.5712,6.3927,7.9603
Go Ara,East Asian celebrities,East-leaning,,,,0.5321,7.12,8.429
Yoo In-na,East Asian celebrities,Third shape,,,,5.7224,12.6294,7.0163
Lee Honey,East Asian celebrities,East-leaning,,,,1.0176,6.7772,9.0129
Jang So-yeon,East Asian celebrities,East-leaning,,,,0.2212,7.1656,8.1791
Han Ga-in,East Asian celebrities,West-leaning,,,,0.3255,8.148,7.161
Kim So-yeon,East Asian celebrities,East-leaning,,,,0.1273,7.0988,8.0808
Yoo Sun,East Asian celebrities,East-leaning,,,,0.2921,8.0973,7.0492
Geum Sae-rok,East Asian celebrities,East-leaning,,,,1.432,6.2565,8.0105
Kim Hyun-joo,East Asian celebrities,East-leaning,,,,-0.0467,8.0398,6.89
Park Ha-sun,East Asian celebrities,East-leaning,,,,0.6995,6.8888,6.8068
Im Soo-hyang,East Asian celebrities,East-leaning,,,,1.138,7.028,8.0088
Barack Obama,World leaders,West-leaning,,,,2.2512,9.822,5.2031
Donald Trump,World leaders,West-leaning,,,,1.119,8.688,5.0339
Joe Biden,World leaders,West-leaning,,,,1.069,8.8393,5.0223
George W Bush,World leaders,West-leaning,,,,1.3882,8.8895,4.9579
Bill Clinton,World leaders,West-leaning,,,,0.8029,8.8695,5.1623
Ronald Reagan,World leaders,West-leaning,,,,1.7281,8.8432,5.0887
John F Kennedy,World leaders,West-leaning,,,,0.8361,9.7458,6.2439
Richard Nixon,World leaders,West-leaning,,,,2.5519,9.6219,5.1335
Abraham Lincoln,World leaders,West-leaning,,,,2.2294,8.1375,4.9361
George Washington,World leaders,West-leaning,,,,1.4148,7.658,5.303
Jimmy Carter,World leaders,West-leaning,,,,0.8408,9.7624,5.7481
Dwight Eisenhower,World leaders,West-leaning,,,,1.8253,9.5585,6.1901
Vladimir Putin,World leaders,West-leaning,,,,1.7468,8.0921,4.8777
Xi Jinping,World leaders,East-leaning,,,,-0.0734,7.7468,6.6025
Emmanuel Macron,World leaders,Third shape,,,,5.6545,12.8449,7.2025
Angela Merkel,World leaders,West-leaning,,,,2.0848,8.1394,5.8908
Justin Trudeau,World leaders,West-leaning,,,,1.6924,7.5707,5.2175
Boris Johnson,World leaders,West-leaning,,,,0.8463,8.8305,5.0934
Narendra Modi,World leaders,West-leaning,,,,1.1549,10.0689,5.9341
Shinzo Abe,World leaders,East-leaning,,,,0.3001,7.3589,6.3433
Moon Jae-in,World leaders,West-leaning,,,,0.5308,9.4356,7.0217
Volodymyr Zelenskyy,World leaders,West-leaning,,,,2.23,8.1358,5.865
Rishi Sunak,World leaders,West-leaning,,,,2.5586,9.5918,5.0967
Olaf Scholz,World leaders,West-leaning,,,,2.0776,10.418,6.7052
Pedro Sanchez,World leaders,Third shape,,,,4.5608,11.2177,6.5219
Jacinda Ardern,World leaders,Third shape,,,,5.5878,12.8968,7.2061
Jair Bolsonaro,World leaders,West-leaning,,,,2.0805,8.996,5.7641
Recep Tayyip Erdogan,World leaders,West-leaning,,,,0.5163,9.246,5.5998
Benjamin Netanyahu,World leaders,West-leaning,,,,0.8795,9.83,5.6352
Mohammed bin Salman,World leaders,East-leaning,,,,2.6796,8.3128,8.0312
Elon Musk,World leaders,West-leaning,,,,0.449,8.9984,5.8271
Mark Zuckerberg,World leaders,West-leaning,,,,0.9991,8.6079,5.1159
Tim Cook,World leaders,West-leaning,,,,1.1113,8.4755,5.2088
Bill Gates,World leaders,West-leaning,,,,1.7175,8.5246,4.9405
Steve Jobs,World leaders,West-leaning,,,,2.3928,7.8611,5.3972
Warren Buffett,World leaders,West-leaning,,,,1.0836,9.716,5.5559
Jamie Dimon,World leaders,West-leaning,,,,0.5114,9.3661,5.6216
Larry Fink,World leaders,West-leaning,,,,1.3571,9.0818,5.0587
Sam Altman,World leaders,West-leaning,,,,1.9459,8.302,4.862
Jensen Huang,World leaders,West-leaning,,,,0.5245,9.4646,5.6765
Satya Nadella,World leaders,West-leaning,,,,1.4143,10.1701,5.8323
Sundar Pichai,World leaders,West-leaning,,,,2.2151,9.5003,5.4808
Pope Francis,World leaders,West-leaning,,,,1.6925,7.7709,5.0468
Dalai Lama,World leaders,West-leaning,,,,0.5818,9.8561,5.9748
Nelson Mandela,World leaders,West-leaning,,,,3.8309,10.4297,6.0153
Winston Churchill,World leaders,West-leaning,,,,1.0054,9.5795,5.9915
Margaret Thatcher,World leaders,West-leaning,,,,0.6556,7.1422,6.2741
Charles de Gaulle,World leaders,West-leaning,,,,1.1052,8.6842,4.9664
Fidel Castro,World leaders,West-leaning,,,,0.8738,8.1491,5.8653
